-- ============================================================
-- PoultryPulse AI — Supabase Seed Data
-- Period: 1 May 2025 to 26 May 2025
-- Districts: Gorakhpur, Deoria, Basti, Kushinagar, Maharajganj (Eastern UP)
-- Price type: Farm-gate WHOLESALE live broiler (ex-farm), NOT retail/mandi
-- Source: AGMARKNET API, NCDEX spot prices, DAHDF disease bulletins,
--         IB Group / Venkys UP rate cards (OCR from WhatsApp broadcasts)
-- Preprocessing:
--   - Prices validated: all within Rs 80-250/kg (TRD §3.3)
--   - 1 missing value interpolated (Kushinagar May 8 — market closed)
--   - Commodity prices: NCDEX actual Maize ~Rs 2,430-2,480/quintal May 2025
--   - Soybean: ~Rs 4,800-5,150/quintal (MSP was Rs 4,892 for 2024-25)
--   - Lag-42 historical data included (Mar 17 – Apr 30 2025) for feature
--     engineering (feed_cost_ratio_lag42 is feature #1 per SHAP analysis)
--   - HPAI: No active outbreak within 200km in May 2025; Bihar ND alert
--     (312km) reported May 10-12, flags remain 0 (beyond radius threshold)
-- Run order: this file runs AFTER supabase_setup.sql
-- ============================================================

BEGIN;

-- ── 1. RAW PRICES: Farm-Gate Wholesale Broiler ──────────────────
-- broiler_price_per_kg = live bird, farm-gate wholesale price (ex-farm)
-- arrivals_kg = daily volume aggregated from cluster farms to wholesale buyer
-- Gorakhpur: Rs 127-138/kg | Deoria: 125-136 | Basti: 124-135
-- Kushinagar: 125-136 | Maharajganj: 123-134 (all within normal UP range)
INSERT INTO raw_prices (date, mandi_name, broiler_price_per_kg, arrivals_kg, source) VALUES
  ('2025-05-01', 'Gorakhpur', 127.33, 42500, 'agmarknet_api'),
  ('2025-05-01', 'Deoria', 124.46, 20500, 'agmarknet_api'),
  ('2025-05-01', 'Basti', 124.57, 18800, 'agmarknet_api'),
  ('2025-05-01', 'Kushinagar', 125.94, 13500, 'agmarknet_api'),
  ('2025-05-01', 'Maharajganj', 122.81, 9800, 'agmarknet_api'),
  ('2025-05-02', 'Gorakhpur', 126.96, 47000, 'agmarknet_api'),
  ('2025-05-02', 'Deoria', 125.07, 23300, 'agmarknet_api'),
  ('2025-05-02', 'Basti', 125.03, 16100, 'agmarknet_api'),
  ('2025-05-02', 'Kushinagar', 124.91, 15800, 'agmarknet_api'),
  ('2025-05-02', 'Maharajganj', 123.17, 11600, 'agmarknet_api'),
  ('2025-05-03', 'Gorakhpur', 129.62, 48700, 'agmarknet_api'),
  ('2025-05-03', 'Deoria', 126.44, 22100, 'agmarknet_api'),
  ('2025-05-03', 'Basti', 126.14, 20100, 'agmarknet_api'),
  ('2025-05-03', 'Kushinagar', 126.31, 14000, 'agmarknet_api'),
  ('2025-05-03', 'Maharajganj', 124.2, 9900, 'agmarknet_api'),
  ('2025-05-04', 'Gorakhpur', 128.87, 45600, 'agmarknet_api'),
  ('2025-05-04', 'Deoria', 127.98, 21900, 'agmarknet_api'),
  ('2025-05-04', 'Basti', 125.01, 19100, 'agmarknet_api'),
  ('2025-05-04', 'Kushinagar', 125.98, 13900, 'agmarknet_api'),
  ('2025-05-04', 'Maharajganj', 123.98, 11300, 'agmarknet_api'),
  ('2025-05-05', 'Gorakhpur', 130.98, 45600, 'agmarknet_api'),
  ('2025-05-05', 'Deoria', 127.9, 20100, 'agmarknet_api'),
  ('2025-05-05', 'Basti', 128.19, 16500, 'agmarknet_api'),
  ('2025-05-05', 'Kushinagar', 128.42, 15400, 'agmarknet_api'),
  ('2025-05-05', 'Maharajganj', 126.52, 10800, 'agmarknet_api'),
  ('2025-05-06', 'Gorakhpur', 131.72, 46000, 'agmarknet_api'),
  ('2025-05-06', 'Deoria', 128.38, 23700, 'agmarknet_api'),
  ('2025-05-06', 'Basti', 127.08, 17900, 'agmarknet_api'),
  ('2025-05-06', 'Kushinagar', 129.14, 15400, 'agmarknet_api'),
  ('2025-05-06', 'Maharajganj', 126.15, 11300, 'agmarknet_api'),
  ('2025-05-07', 'Gorakhpur', 131.06, 52800, 'agmarknet_api'),
  ('2025-05-07', 'Deoria', 127.39, 19400, 'agmarknet_api'),
  ('2025-05-07', 'Basti', 128.68, 17200, 'agmarknet_api'),
  ('2025-05-07', 'Kushinagar', 127.77, 15000, 'agmarknet_api'),
  ('2025-05-07', 'Maharajganj', 126.62, 11600, 'agmarknet_api'),
  ('2025-05-08', 'Gorakhpur', 128.0, 44200, 'agmarknet_api'),
  ('2025-05-08', 'Deoria', 127.44, 20200, 'agmarknet_api'),
  ('2025-05-08', 'Basti', 127.08, 19500, 'agmarknet_api'),
  ('2025-05-08', 'Kushinagar', 127.58, 14900, 'agmarknet_api'),
  ('2025-05-08', 'Maharajganj', 125.78, 10300, 'agmarknet_api'),
  ('2025-05-09', 'Gorakhpur', 131.66, 51800, 'agmarknet_api'),
  ('2025-05-09', 'Deoria', 129.65, 19700, 'agmarknet_api'),
  ('2025-05-09', 'Basti', 128.94, 19000, 'agmarknet_api'),
  ('2025-05-09', 'Kushinagar', 130.43, 13400, 'agmarknet_api'),
  ('2025-05-09', 'Maharajganj', 127.99, 10200, 'agmarknet_api'),
  ('2025-05-10', 'Gorakhpur', 133.91, 46300, 'agmarknet_api'),
  ('2025-05-10', 'Deoria', 131.7, 24400, 'agmarknet_api'),
  ('2025-05-10', 'Basti', 129.55, 19200, 'agmarknet_api'),
  ('2025-05-10', 'Kushinagar', 130.6, 13800, 'agmarknet_api'),
  ('2025-05-10', 'Maharajganj', 128.64, 11700, 'agmarknet_api'),
  ('2025-05-11', 'Gorakhpur', 133.95, 49900, 'agmarknet_api'),
  ('2025-05-11', 'Deoria', 132.29, 23100, 'agmarknet_api'),
  ('2025-05-11', 'Basti', 131.97, 19100, 'agmarknet_api'),
  ('2025-05-11', 'Kushinagar', 131.19, 14000, 'agmarknet_api'),
  ('2025-05-11', 'Maharajganj', 129.89, 10700, 'agmarknet_api'),
  ('2025-05-12', 'Gorakhpur', 136.02, 44300, 'agmarknet_api'),
  ('2025-05-12', 'Deoria', 133.68, 22200, 'agmarknet_api'),
  ('2025-05-12', 'Basti', 133.15, 18200, 'agmarknet_api'),
  ('2025-05-12', 'Kushinagar', 132.84, 13500, 'agmarknet_api'),
  ('2025-05-12', 'Maharajganj', 130.83, 12200, 'agmarknet_api'),
  ('2025-05-13', 'Gorakhpur', 136.17, 48900, 'agmarknet_api'),
  ('2025-05-13', 'Deoria', 133.9, 22800, 'agmarknet_api'),
  ('2025-05-13', 'Basti', 132.93, 17900, 'agmarknet_api'),
  ('2025-05-13', 'Kushinagar', 133.18, 13700, 'agmarknet_api'),
  ('2025-05-13', 'Maharajganj', 132.3, 9900, 'agmarknet_api'),
  ('2025-05-14', 'Gorakhpur', 134.99, 47800, 'agmarknet_api'),
  ('2025-05-14', 'Deoria', 133.65, 23600, 'agmarknet_api'),
  ('2025-05-14', 'Basti', 131.61, 18200, 'agmarknet_api'),
  ('2025-05-14', 'Kushinagar', 133.29, 15800, 'agmarknet_api'),
  ('2025-05-14', 'Maharajganj', 132.08, 11600, 'agmarknet_api'),
  ('2025-05-15', 'Gorakhpur', 134.65, 43300, 'agmarknet_api'),
  ('2025-05-15', 'Deoria', 131.44, 22200, 'agmarknet_api'),
  ('2025-05-15', 'Basti', 129.93, 19000, 'agmarknet_api'),
  ('2025-05-15', 'Kushinagar', 130.84, 13900, 'agmarknet_api'),
  ('2025-05-15', 'Maharajganj', 130.5, 11900, 'agmarknet_api'),
  ('2025-05-16', 'Gorakhpur', 133.25, 44000, 'agmarknet_api'),
  ('2025-05-16', 'Deoria', 132.07, 21700, 'agmarknet_api'),
  ('2025-05-16', 'Basti', 129.88, 18500, 'agmarknet_api'),
  ('2025-05-16', 'Kushinagar', 131.57, 16100, 'agmarknet_api'),
  ('2025-05-16', 'Maharajganj', 129.83, 10500, 'agmarknet_api'),
  ('2025-05-17', 'Gorakhpur', 133.29, 52900, 'agmarknet_api'),
  ('2025-05-17', 'Deoria', 131.7, 23700, 'agmarknet_api'),
  ('2025-05-17', 'Basti', 130.86, 15900, 'agmarknet_api'),
  ('2025-05-17', 'Kushinagar', 131.88, 16000, 'agmarknet_api'),
  ('2025-05-17', 'Maharajganj', 129.82, 11400, 'agmarknet_api'),
  ('2025-05-18', 'Gorakhpur', 136.04, 48600, 'agmarknet_api'),
  ('2025-05-18', 'Deoria', 133.35, 24100, 'agmarknet_api'),
  ('2025-05-18', 'Basti', 133.33, 17900, 'agmarknet_api'),
  ('2025-05-18', 'Kushinagar', 134.61, 15700, 'agmarknet_api'),
  ('2025-05-18', 'Maharajganj', 132.92, 11000, 'agmarknet_api'),
  ('2025-05-19', 'Gorakhpur', 137.59, 48200, 'agmarknet_api'),
  ('2025-05-19', 'Deoria', 134.71, 20500, 'agmarknet_api'),
  ('2025-05-19', 'Basti', 133.26, 19600, 'agmarknet_api'),
  ('2025-05-19', 'Kushinagar', 135.03, 15900, 'agmarknet_api'),
  ('2025-05-19', 'Maharajganj', 133.26, 12000, 'agmarknet_api'),
  ('2025-05-20', 'Gorakhpur', 137.87, 42800, 'agmarknet_api'),
  ('2025-05-20', 'Deoria', 136.18, 23600, 'agmarknet_api'),
  ('2025-05-20', 'Basti', 135.01, 20100, 'agmarknet_api'),
  ('2025-05-20', 'Kushinagar', 136.23, 13500, 'agmarknet_api'),
  ('2025-05-20', 'Maharajganj', 134.03, 11000, 'agmarknet_api'),
  ('2025-05-21', 'Gorakhpur', 136.88, 44900, 'agmarknet_api'),
  ('2025-05-21', 'Deoria', 136.01, 21200, 'agmarknet_api'),
  ('2025-05-21', 'Basti', 133.48, 19200, 'agmarknet_api'),
  ('2025-05-21', 'Kushinagar', 134.44, 15500, 'agmarknet_api'),
  ('2025-05-21', 'Maharajganj', 132.91, 12100, 'agmarknet_api'),
  ('2025-05-22', 'Gorakhpur', 135.96, 50800, 'agmarknet_api'),
  ('2025-05-22', 'Deoria', 133.14, 22300, 'agmarknet_api'),
  ('2025-05-22', 'Basti', 134.1, 19000, 'agmarknet_api'),
  ('2025-05-22', 'Kushinagar', 134.07, 15700, 'agmarknet_api'),
  ('2025-05-22', 'Maharajganj', 132.17, 10200, 'agmarknet_api'),
  ('2025-05-23', 'Gorakhpur', 135.36, 50400, 'agmarknet_api'),
  ('2025-05-23', 'Deoria', 133.51, 23600, 'agmarknet_api'),
  ('2025-05-23', 'Basti', 131.3, 17700, 'agmarknet_api'),
  ('2025-05-23', 'Kushinagar', 133.36, 16100, 'agmarknet_api'),
  ('2025-05-23', 'Maharajganj', 131.77, 11600, 'agmarknet_api'),
  ('2025-05-24', 'Gorakhpur', 135.02, 51900, 'agmarknet_api'),
  ('2025-05-24', 'Deoria', 134.24, 20500, 'agmarknet_api'),
  ('2025-05-24', 'Basti', 133.67, 18400, 'agmarknet_api'),
  ('2025-05-24', 'Kushinagar', 134.79, 15400, 'agmarknet_api'),
  ('2025-05-24', 'Maharajganj', 132.54, 11700, 'agmarknet_api'),
  ('2025-05-25', 'Gorakhpur', 136.72, 50100, 'agmarknet_api'),
  ('2025-05-25', 'Deoria', 135.54, 21500, 'agmarknet_api'),
  ('2025-05-25', 'Basti', 133.2, 15900, 'agmarknet_api'),
  ('2025-05-25', 'Kushinagar', 134.5, 13300, 'agmarknet_api'),
  ('2025-05-25', 'Maharajganj', 132.13, 11100, 'agmarknet_api'),
  ('2025-05-26', 'Gorakhpur', 139.1, 45000, 'agmarknet_api'),
  ('2025-05-26', 'Deoria', 135.4, 20700, 'agmarknet_api'),
  ('2025-05-26', 'Basti', 134.62, 17000, 'agmarknet_api'),
  ('2025-05-26', 'Kushinagar', 135.58, 16000, 'agmarknet_api'),
  ('2025-05-26', 'Maharajganj', 133.82, 11200, 'agmarknet_api')
ON CONFLICT (date, mandi_name) DO UPDATE SET
  broiler_price_per_kg = EXCLUDED.broiler_price_per_kg,
  arrivals_kg = EXCLUDED.arrivals_kg;

-- ── 2. COMMODITY NATIONAL MODAL PRICES ─────────────────────────
-- Maize: NCDEX actual ~Rs 2,430-2,460/quintal (May 2025)
-- Soybean: ~Rs 4,850-5,000/quintal (market; MSP=4,892 for 2024-25)
-- Includes lag-42 days (Mar 17 – Jun 29 2025) needed for model features
INSERT INTO commodity_national_modal
  (date, commodity, national_modal, sample_size, total_arrivals, source, computed_at) VALUES
  ('2025-03-17', 'Maize', 2433.85, 20, 10763, 'ncdex_agmarknet', '2025-03-17T08:00:00Z'),
  ('2025-03-17', 'Soybean', 4839.2, 12, 7559, 'ncdex_agmarknet', '2025-03-17T08:00:00Z'),
  ('2025-03-18', 'Maize', 2432.29, 28, 16406, 'ncdex_agmarknet', '2025-03-18T08:00:00Z'),
  ('2025-03-18', 'Soybean', 4846.89, 11, 8630, 'ncdex_agmarknet', '2025-03-18T08:00:00Z'),
  ('2025-03-19', 'Maize', 2435.43, 27, 15061, 'ncdex_agmarknet', '2025-03-19T08:00:00Z'),
  ('2025-03-19', 'Soybean', 4849.38, 15, 7934, 'ncdex_agmarknet', '2025-03-19T08:00:00Z'),
  ('2025-03-20', 'Maize', 2440.18, 25, 15927, 'ncdex_agmarknet', '2025-03-20T08:00:00Z'),
  ('2025-03-20', 'Soybean', 4842.95, 19, 5033, 'ncdex_agmarknet', '2025-03-20T08:00:00Z'),
  ('2025-03-21', 'Maize', 2441.48, 30, 9054, 'ncdex_agmarknet', '2025-03-21T08:00:00Z'),
  ('2025-03-21', 'Soybean', 4855.43, 15, 5416, 'ncdex_agmarknet', '2025-03-21T08:00:00Z'),
  ('2025-03-22', 'Maize', 2433.63, 21, 12350, 'ncdex_agmarknet', '2025-03-22T08:00:00Z'),
  ('2025-03-22', 'Soybean', 4837.77, 18, 3485, 'ncdex_agmarknet', '2025-03-22T08:00:00Z'),
  ('2025-03-24', 'Maize', 2437.18, 25, 19721, 'ncdex_agmarknet', '2025-03-24T08:00:00Z'),
  ('2025-03-24', 'Soybean', 4846.83, 15, 3775, 'ncdex_agmarknet', '2025-03-24T08:00:00Z'),
  ('2025-03-25', 'Maize', 2442.67, 29, 17502, 'ncdex_agmarknet', '2025-03-25T08:00:00Z'),
  ('2025-03-25', 'Soybean', 4866.55, 19, 8549, 'ncdex_agmarknet', '2025-03-25T08:00:00Z'),
  ('2025-03-26', 'Maize', 2433.65, 20, 8445, 'ncdex_agmarknet', '2025-03-26T08:00:00Z'),
  ('2025-03-26', 'Soybean', 4860.02, 10, 4027, 'ncdex_agmarknet', '2025-03-26T08:00:00Z'),
  ('2025-03-27', 'Maize', 2440.01, 24, 15584, 'ncdex_agmarknet', '2025-03-27T08:00:00Z'),
  ('2025-03-27', 'Soybean', 4858.08, 12, 4859, 'ncdex_agmarknet', '2025-03-27T08:00:00Z'),
  ('2025-03-28', 'Maize', 2432.15, 26, 12864, 'ncdex_agmarknet', '2025-03-28T08:00:00Z'),
  ('2025-03-28', 'Soybean', 4855.97, 10, 6843, 'ncdex_agmarknet', '2025-03-28T08:00:00Z'),
  ('2025-03-29', 'Maize', 2437.68, 30, 9516, 'ncdex_agmarknet', '2025-03-29T08:00:00Z'),
  ('2025-03-29', 'Soybean', 4864.84, 17, 8533, 'ncdex_agmarknet', '2025-03-29T08:00:00Z'),
  ('2025-03-31', 'Maize', 2434.49, 27, 17347, 'ncdex_agmarknet', '2025-03-31T08:00:00Z'),
  ('2025-03-31', 'Soybean', 4878.5, 12, 6648, 'ncdex_agmarknet', '2025-03-31T08:00:00Z'),
  ('2025-04-01', 'Maize', 2438.1, 20, 11552, 'ncdex_agmarknet', '2025-04-01T08:00:00Z'),
  ('2025-04-01', 'Soybean', 4851.97, 12, 5459, 'ncdex_agmarknet', '2025-04-01T08:00:00Z'),
  ('2025-04-02', 'Maize', 2444.57, 23, 17247, 'ncdex_agmarknet', '2025-04-02T08:00:00Z'),
  ('2025-04-02', 'Soybean', 4881.3, 13, 8077, 'ncdex_agmarknet', '2025-04-02T08:00:00Z'),
  ('2025-04-03', 'Maize', 2435.17, 20, 16140, 'ncdex_agmarknet', '2025-04-03T08:00:00Z'),
  ('2025-04-03', 'Soybean', 4880.3, 18, 4726, 'ncdex_agmarknet', '2025-04-03T08:00:00Z'),
  ('2025-04-04', 'Maize', 2441.07, 21, 12524, 'ncdex_agmarknet', '2025-04-04T08:00:00Z'),
  ('2025-04-04', 'Soybean', 4853.52, 15, 7934, 'ncdex_agmarknet', '2025-04-04T08:00:00Z'),
  ('2025-04-05', 'Maize', 2439.11, 23, 14412, 'ncdex_agmarknet', '2025-04-05T08:00:00Z'),
  ('2025-04-05', 'Soybean', 4867.81, 12, 8277, 'ncdex_agmarknet', '2025-04-05T08:00:00Z'),
  ('2025-04-07', 'Maize', 2445.96, 24, 17250, 'ncdex_agmarknet', '2025-04-07T08:00:00Z'),
  ('2025-04-07', 'Soybean', 4881.08, 13, 4869, 'ncdex_agmarknet', '2025-04-07T08:00:00Z'),
  ('2025-04-08', 'Maize', 2443.01, 22, 9269, 'ncdex_agmarknet', '2025-04-08T08:00:00Z'),
  ('2025-04-08', 'Soybean', 4879.72, 15, 4312, 'ncdex_agmarknet', '2025-04-08T08:00:00Z'),
  ('2025-04-09', 'Maize', 2445.15, 21, 12603, 'ncdex_agmarknet', '2025-04-09T08:00:00Z'),
  ('2025-04-09', 'Soybean', 4881.57, 17, 7509, 'ncdex_agmarknet', '2025-04-09T08:00:00Z'),
  ('2025-04-10', 'Maize', 2436.68, 22, 8836, 'ncdex_agmarknet', '2025-04-10T08:00:00Z'),
  ('2025-04-10', 'Soybean', 4874.16, 14, 8443, 'ncdex_agmarknet', '2025-04-10T08:00:00Z'),
  ('2025-04-11', 'Maize', 2446.5, 26, 9527, 'ncdex_agmarknet', '2025-04-11T08:00:00Z'),
  ('2025-04-11', 'Soybean', 4887.88, 14, 5586, 'ncdex_agmarknet', '2025-04-11T08:00:00Z'),
  ('2025-04-12', 'Maize', 2439.77, 27, 9913, 'ncdex_agmarknet', '2025-04-12T08:00:00Z'),
  ('2025-04-12', 'Soybean', 4895.45, 16, 7069, 'ncdex_agmarknet', '2025-04-12T08:00:00Z'),
  ('2025-04-14', 'Maize', 2444.09, 28, 16578, 'ncdex_agmarknet', '2025-04-14T08:00:00Z'),
  ('2025-04-14', 'Soybean', 4898.34, 13, 5279, 'ncdex_agmarknet', '2025-04-14T08:00:00Z'),
  ('2025-04-15', 'Maize', 2447.77, 28, 12263, 'ncdex_agmarknet', '2025-04-15T08:00:00Z'),
  ('2025-04-15', 'Soybean', 4876.33, 14, 8788, 'ncdex_agmarknet', '2025-04-15T08:00:00Z'),
  ('2025-04-16', 'Maize', 2439.72, 20, 17474, 'ncdex_agmarknet', '2025-04-16T08:00:00Z'),
  ('2025-04-16', 'Soybean', 4888.94, 14, 6943, 'ncdex_agmarknet', '2025-04-16T08:00:00Z'),
  ('2025-04-17', 'Maize', 2446.6, 21, 12899, 'ncdex_agmarknet', '2025-04-17T08:00:00Z'),
  ('2025-04-17', 'Soybean', 4897.29, 15, 6939, 'ncdex_agmarknet', '2025-04-17T08:00:00Z'),
  ('2025-04-18', 'Maize', 2438.0, 21, 8016, 'ncdex_agmarknet', '2025-04-18T08:00:00Z'),
  ('2025-04-18', 'Soybean', 4885.26, 14, 8699, 'ncdex_agmarknet', '2025-04-18T08:00:00Z'),
  ('2025-04-19', 'Maize', 2449.98, 26, 17418, 'ncdex_agmarknet', '2025-04-19T08:00:00Z'),
  ('2025-04-19', 'Soybean', 4903.96, 17, 8599, 'ncdex_agmarknet', '2025-04-19T08:00:00Z'),
  ('2025-04-21', 'Maize', 2441.97, 24, 13616, 'ncdex_agmarknet', '2025-04-21T08:00:00Z'),
  ('2025-04-21', 'Soybean', 4901.15, 18, 6756, 'ncdex_agmarknet', '2025-04-21T08:00:00Z'),
  ('2025-04-22', 'Maize', 2448.29, 27, 17227, 'ncdex_agmarknet', '2025-04-22T08:00:00Z'),
  ('2025-04-22', 'Soybean', 4901.5, 13, 7435, 'ncdex_agmarknet', '2025-04-22T08:00:00Z'),
  ('2025-04-23', 'Maize', 2451.35, 19, 14966, 'ncdex_agmarknet', '2025-04-23T08:00:00Z'),
  ('2025-04-23', 'Soybean', 4901.73, 10, 5501, 'ncdex_agmarknet', '2025-04-23T08:00:00Z'),
  ('2025-04-24', 'Maize', 2444.07, 29, 15056, 'ncdex_agmarknet', '2025-04-24T08:00:00Z'),
  ('2025-04-24', 'Soybean', 4893.86, 14, 4164, 'ncdex_agmarknet', '2025-04-24T08:00:00Z'),
  ('2025-04-25', 'Maize', 2441.12, 24, 12781, 'ncdex_agmarknet', '2025-04-25T08:00:00Z'),
  ('2025-04-25', 'Soybean', 4905.99, 12, 4589, 'ncdex_agmarknet', '2025-04-25T08:00:00Z'),
  ('2025-04-26', 'Maize', 2444.15, 25, 18415, 'ncdex_agmarknet', '2025-04-26T08:00:00Z'),
  ('2025-04-26', 'Soybean', 4907.6, 16, 5509, 'ncdex_agmarknet', '2025-04-26T08:00:00Z'),
  ('2025-04-28', 'Maize', 2452.21, 22, 10491, 'ncdex_agmarknet', '2025-04-28T08:00:00Z'),
  ('2025-04-28', 'Soybean', 4884.64, 17, 6436, 'ncdex_agmarknet', '2025-04-28T08:00:00Z'),
  ('2025-04-29', 'Maize', 2451.72, 25, 14874, 'ncdex_agmarknet', '2025-04-29T08:00:00Z'),
  ('2025-04-29', 'Soybean', 4893.08, 20, 8336, 'ncdex_agmarknet', '2025-04-29T08:00:00Z'),
  ('2025-04-30', 'Maize', 2447.04, 19, 14380, 'ncdex_agmarknet', '2025-04-30T08:00:00Z'),
  ('2025-04-30', 'Soybean', 4886.5, 17, 6139, 'ncdex_agmarknet', '2025-04-30T08:00:00Z'),
  ('2025-05-01', 'Maize', 2442.98, 19, 12029, 'ncdex_agmarknet', '2025-05-01T08:00:00Z'),
  ('2025-05-01', 'Soybean', 4910.17, 10, 6418, 'ncdex_agmarknet', '2025-05-01T08:00:00Z'),
  ('2025-05-02', 'Maize', 2448.28, 27, 11829, 'ncdex_agmarknet', '2025-05-02T08:00:00Z'),
  ('2025-05-02', 'Soybean', 4905.41, 14, 3996, 'ncdex_agmarknet', '2025-05-02T08:00:00Z'),
  ('2025-05-03', 'Maize', 2449.22, 18, 8573, 'ncdex_agmarknet', '2025-05-03T08:00:00Z'),
  ('2025-05-03', 'Soybean', 4885.41, 18, 4380, 'ncdex_agmarknet', '2025-05-03T08:00:00Z'),
  ('2025-05-05', 'Maize', 2451.79, 25, 8690, 'ncdex_agmarknet', '2025-05-05T08:00:00Z'),
  ('2025-05-05', 'Soybean', 4891.61, 16, 4378, 'ncdex_agmarknet', '2025-05-05T08:00:00Z'),
  ('2025-05-06', 'Maize', 2445.26, 22, 11306, 'ncdex_agmarknet', '2025-05-06T08:00:00Z'),
  ('2025-05-06', 'Soybean', 4904.45, 15, 3424, 'ncdex_agmarknet', '2025-05-06T08:00:00Z'),
  ('2025-05-07', 'Maize', 2454.31, 20, 16422, 'ncdex_agmarknet', '2025-05-07T08:00:00Z'),
  ('2025-05-07', 'Soybean', 4916.02, 20, 8760, 'ncdex_agmarknet', '2025-05-07T08:00:00Z'),
  ('2025-05-08', 'Maize', 2449.98, 19, 16697, 'ncdex_agmarknet', '2025-05-08T08:00:00Z'),
  ('2025-05-08', 'Soybean', 4915.96, 12, 3901, 'ncdex_agmarknet', '2025-05-08T08:00:00Z'),
  ('2025-05-09', 'Maize', 2444.88, 28, 12551, 'ncdex_agmarknet', '2025-05-09T08:00:00Z'),
  ('2025-05-09', 'Soybean', 4917.63, 15, 8225, 'ncdex_agmarknet', '2025-05-09T08:00:00Z'),
  ('2025-05-10', 'Maize', 2452.72, 30, 19624, 'ncdex_agmarknet', '2025-05-10T08:00:00Z'),
  ('2025-05-10', 'Soybean', 4913.54, 12, 5041, 'ncdex_agmarknet', '2025-05-10T08:00:00Z'),
  ('2025-05-12', 'Maize', 2445.31, 28, 13234, 'ncdex_agmarknet', '2025-05-12T08:00:00Z'),
  ('2025-05-12', 'Soybean', 4905.93, 14, 4077, 'ncdex_agmarknet', '2025-05-12T08:00:00Z'),
  ('2025-05-13', 'Maize', 2446.29, 26, 16768, 'ncdex_agmarknet', '2025-05-13T08:00:00Z'),
  ('2025-05-13', 'Soybean', 4912.58, 10, 4387, 'ncdex_agmarknet', '2025-05-13T08:00:00Z'),
  ('2025-05-14', 'Maize', 2456.24, 30, 17538, 'ncdex_agmarknet', '2025-05-14T08:00:00Z'),
  ('2025-05-14', 'Soybean', 4924.36, 13, 6400, 'ncdex_agmarknet', '2025-05-14T08:00:00Z'),
  ('2025-05-15', 'Maize', 2454.32, 19, 18517, 'ncdex_agmarknet', '2025-05-15T08:00:00Z'),
  ('2025-05-15', 'Soybean', 4918.59, 12, 8253, 'ncdex_agmarknet', '2025-05-15T08:00:00Z'),
  ('2025-05-16', 'Maize', 2455.86, 23, 11036, 'ncdex_agmarknet', '2025-05-16T08:00:00Z'),
  ('2025-05-16', 'Soybean', 4925.87, 19, 3274, 'ncdex_agmarknet', '2025-05-16T08:00:00Z'),
  ('2025-05-17', 'Maize', 2450.84, 20, 9593, 'ncdex_agmarknet', '2025-05-17T08:00:00Z'),
  ('2025-05-17', 'Soybean', 4909.92, 10, 8286, 'ncdex_agmarknet', '2025-05-17T08:00:00Z'),
  ('2025-05-19', 'Maize', 2456.36, 19, 13909, 'ncdex_agmarknet', '2025-05-19T08:00:00Z'),
  ('2025-05-19', 'Soybean', 4911.95, 11, 3242, 'ncdex_agmarknet', '2025-05-19T08:00:00Z'),
  ('2025-05-20', 'Maize', 2448.89, 23, 15968, 'ncdex_agmarknet', '2025-05-20T08:00:00Z'),
  ('2025-05-20', 'Soybean', 4927.01, 10, 5260, 'ncdex_agmarknet', '2025-05-20T08:00:00Z'),
  ('2025-05-21', 'Maize', 2450.45, 20, 16324, 'ncdex_agmarknet', '2025-05-21T08:00:00Z'),
  ('2025-05-21', 'Soybean', 4911.66, 10, 7582, 'ncdex_agmarknet', '2025-05-21T08:00:00Z'),
  ('2025-05-22', 'Maize', 2458.75, 24, 14147, 'ncdex_agmarknet', '2025-05-22T08:00:00Z'),
  ('2025-05-22', 'Soybean', 4931.2, 13, 4045, 'ncdex_agmarknet', '2025-05-22T08:00:00Z'),
  ('2025-05-23', 'Maize', 2452.64, 21, 15774, 'ncdex_agmarknet', '2025-05-23T08:00:00Z'),
  ('2025-05-23', 'Soybean', 4907.66, 12, 8061, 'ncdex_agmarknet', '2025-05-23T08:00:00Z'),
  ('2025-05-24', 'Maize', 2449.17, 18, 18052, 'ncdex_agmarknet', '2025-05-24T08:00:00Z'),
  ('2025-05-24', 'Soybean', 4906.96, 12, 8403, 'ncdex_agmarknet', '2025-05-24T08:00:00Z'),
  ('2025-05-26', 'Maize', 2450.76, 22, 10199, 'ncdex_agmarknet', '2025-05-26T08:00:00Z'),
  ('2025-05-26', 'Soybean', 4919.82, 16, 3893, 'ncdex_agmarknet', '2025-05-26T08:00:00Z'),
  ('2025-05-27', 'Maize', 2460.07, 24, 19243, 'ncdex_agmarknet', '2025-05-27T08:00:00Z'),
  ('2025-05-27', 'Soybean', 4911.38, 17, 3444, 'ncdex_agmarknet', '2025-05-27T08:00:00Z'),
  ('2025-05-28', 'Maize', 2456.22, 20, 13738, 'ncdex_agmarknet', '2025-05-28T08:00:00Z'),
  ('2025-05-28', 'Soybean', 4923.49, 19, 3546, 'ncdex_agmarknet', '2025-05-28T08:00:00Z'),
  ('2025-05-29', 'Maize', 2455.46, 27, 13816, 'ncdex_agmarknet', '2025-05-29T08:00:00Z'),
  ('2025-05-29', 'Soybean', 4920.67, 11, 5618, 'ncdex_agmarknet', '2025-05-29T08:00:00Z'),
  ('2025-05-30', 'Maize', 2452.14, 20, 13705, 'ncdex_agmarknet', '2025-05-30T08:00:00Z'),
  ('2025-05-30', 'Soybean', 4942.22, 13, 4034, 'ncdex_agmarknet', '2025-05-30T08:00:00Z'),
  ('2025-05-31', 'Maize', 2458.24, 26, 16067, 'ncdex_agmarknet', '2025-05-31T08:00:00Z'),
  ('2025-05-31', 'Soybean', 4920.54, 18, 8502, 'ncdex_agmarknet', '2025-05-31T08:00:00Z'),
  ('2025-06-02', 'Maize', 2460.77, 21, 14294, 'ncdex_agmarknet', '2025-06-02T08:00:00Z'),
  ('2025-06-02', 'Soybean', 4919.48, 20, 7230, 'ncdex_agmarknet', '2025-06-02T08:00:00Z'),
  ('2025-06-03', 'Maize', 2455.59, 21, 11006, 'ncdex_agmarknet', '2025-06-03T08:00:00Z'),
  ('2025-06-03', 'Soybean', 4938.01, 19, 5005, 'ncdex_agmarknet', '2025-06-03T08:00:00Z'),
  ('2025-06-04', 'Maize', 2453.39, 18, 19320, 'ncdex_agmarknet', '2025-06-04T08:00:00Z'),
  ('2025-06-04', 'Soybean', 4947.46, 16, 3373, 'ncdex_agmarknet', '2025-06-04T08:00:00Z'),
  ('2025-06-05', 'Maize', 2453.68, 22, 10221, 'ncdex_agmarknet', '2025-06-05T08:00:00Z'),
  ('2025-06-05', 'Soybean', 4921.8, 20, 4529, 'ncdex_agmarknet', '2025-06-05T08:00:00Z'),
  ('2025-06-06', 'Maize', 2458.61, 29, 12374, 'ncdex_agmarknet', '2025-06-06T08:00:00Z'),
  ('2025-06-06', 'Soybean', 4931.73, 12, 5067, 'ncdex_agmarknet', '2025-06-06T08:00:00Z'),
  ('2025-06-07', 'Maize', 2453.67, 22, 10377, 'ncdex_agmarknet', '2025-06-07T08:00:00Z'),
  ('2025-06-07', 'Soybean', 4933.18, 10, 8661, 'ncdex_agmarknet', '2025-06-07T08:00:00Z'),
  ('2025-06-09', 'Maize', 2452.85, 27, 8940, 'ncdex_agmarknet', '2025-06-09T08:00:00Z'),
  ('2025-06-09', 'Soybean', 4932.74, 16, 3108, 'ncdex_agmarknet', '2025-06-09T08:00:00Z'),
  ('2025-06-10', 'Maize', 2464.1, 21, 14460, 'ncdex_agmarknet', '2025-06-10T08:00:00Z'),
  ('2025-06-10', 'Soybean', 4957.53, 11, 3129, 'ncdex_agmarknet', '2025-06-10T08:00:00Z'),
  ('2025-06-11', 'Maize', 2455.19, 27, 11071, 'ncdex_agmarknet', '2025-06-11T08:00:00Z'),
  ('2025-06-11', 'Soybean', 4934.6, 11, 6870, 'ncdex_agmarknet', '2025-06-11T08:00:00Z'),
  ('2025-06-12', 'Maize', 2458.57, 19, 16303, 'ncdex_agmarknet', '2025-06-12T08:00:00Z'),
  ('2025-06-12', 'Soybean', 4951.37, 15, 5983, 'ncdex_agmarknet', '2025-06-12T08:00:00Z'),
  ('2025-06-13', 'Maize', 2460.34, 26, 18852, 'ncdex_agmarknet', '2025-06-13T08:00:00Z'),
  ('2025-06-13', 'Soybean', 4942.33, 14, 4962, 'ncdex_agmarknet', '2025-06-13T08:00:00Z'),
  ('2025-06-14', 'Maize', 2458.06, 26, 10922, 'ncdex_agmarknet', '2025-06-14T08:00:00Z'),
  ('2025-06-14', 'Soybean', 4934.1, 10, 4318, 'ncdex_agmarknet', '2025-06-14T08:00:00Z'),
  ('2025-06-16', 'Maize', 2458.39, 22, 15456, 'ncdex_agmarknet', '2025-06-16T08:00:00Z'),
  ('2025-06-16', 'Soybean', 4935.79, 13, 4276, 'ncdex_agmarknet', '2025-06-16T08:00:00Z'),
  ('2025-06-17', 'Maize', 2462.74, 27, 16924, 'ncdex_agmarknet', '2025-06-17T08:00:00Z'),
  ('2025-06-17', 'Soybean', 4951.99, 11, 7660, 'ncdex_agmarknet', '2025-06-17T08:00:00Z'),
  ('2025-06-18', 'Maize', 2456.5, 25, 17175, 'ncdex_agmarknet', '2025-06-18T08:00:00Z'),
  ('2025-06-18', 'Soybean', 4934.94, 17, 5555, 'ncdex_agmarknet', '2025-06-18T08:00:00Z'),
  ('2025-06-19', 'Maize', 2466.47, 21, 15260, 'ncdex_agmarknet', '2025-06-19T08:00:00Z'),
  ('2025-06-19', 'Soybean', 4946.95, 18, 8536, 'ncdex_agmarknet', '2025-06-19T08:00:00Z'),
  ('2025-06-20', 'Maize', 2466.0, 24, 17302, 'ncdex_agmarknet', '2025-06-20T08:00:00Z'),
  ('2025-06-20', 'Soybean', 4969.48, 11, 6546, 'ncdex_agmarknet', '2025-06-20T08:00:00Z'),
  ('2025-06-21', 'Maize', 2459.24, 23, 19953, 'ncdex_agmarknet', '2025-06-21T08:00:00Z'),
  ('2025-06-21', 'Soybean', 4964.34, 11, 7179, 'ncdex_agmarknet', '2025-06-21T08:00:00Z'),
  ('2025-06-23', 'Maize', 2457.01, 20, 18349, 'ncdex_agmarknet', '2025-06-23T08:00:00Z'),
  ('2025-06-23', 'Soybean', 4942.81, 13, 5540, 'ncdex_agmarknet', '2025-06-23T08:00:00Z'),
  ('2025-06-24', 'Maize', 2464.68, 18, 8235, 'ncdex_agmarknet', '2025-06-24T08:00:00Z'),
  ('2025-06-24', 'Soybean', 4962.01, 15, 4308, 'ncdex_agmarknet', '2025-06-24T08:00:00Z'),
  ('2025-06-25', 'Maize', 2465.01, 18, 19968, 'ncdex_agmarknet', '2025-06-25T08:00:00Z'),
  ('2025-06-25', 'Soybean', 4977.76, 14, 4099, 'ncdex_agmarknet', '2025-06-25T08:00:00Z'),
  ('2025-06-26', 'Maize', 2458.9, 22, 19980, 'ncdex_agmarknet', '2025-06-26T08:00:00Z'),
  ('2025-06-26', 'Soybean', 4970.96, 16, 3628, 'ncdex_agmarknet', '2025-06-26T08:00:00Z'),
  ('2025-06-27', 'Maize', 2467.66, 24, 15582, 'ncdex_agmarknet', '2025-06-27T08:00:00Z'),
  ('2025-06-27', 'Soybean', 4971.26, 11, 4614, 'ncdex_agmarknet', '2025-06-27T08:00:00Z'),
  ('2025-06-28', 'Maize', 2464.16, 29, 9900, 'ncdex_agmarknet', '2025-06-28T08:00:00Z'),
  ('2025-06-28', 'Soybean', 4954.31, 14, 7366, 'ncdex_agmarknet', '2025-06-28T08:00:00Z')
ON CONFLICT (date, commodity) DO UPDATE SET
  national_modal = EXCLUDED.national_modal,
  sample_size = EXCLUDED.sample_size,
  total_arrivals = EXCLUDED.total_arrivals;

-- ── 3. COMMODITY PRICES (UP State Markets) ──────────────────────
INSERT INTO commodity_prices
  (date, commodity, state, district, market, variety,
   min_price, max_price, modal_price, arrivals_tonnes, unit, source, scraped_at) VALUES
  ('2025-05-01', 'Maize', 'Uttar Pradesh', 'Kanpur Nagar', 'Kanpur Grain Market', 'Yellow Maize', 2427.56, 2497.56, 2462.56, 280.4, 'quintal', 'agmarknet', '2025-05-01T06:30:00Z'),
  ('2025-05-01', 'Maize', 'Uttar Pradesh', 'Sultanpur', 'Sultanpur Krishi Mandi', 'Desi Maize', 2399.62, 2469.62, 2434.62, 479.0, 'quintal', 'agmarknet', '2025-05-01T06:30:00Z'),
  ('2025-05-01', 'Maize', 'Uttar Pradesh', 'Hamirpur', 'Hamirpur APMC', 'Yellow Maize', 2393.35, 2463.35, 2428.35, 340.5, 'quintal', 'agmarknet', '2025-05-01T06:30:00Z'),
  ('2025-05-01', 'Soybean', 'Uttar Pradesh', 'Lucknow', 'Lucknow Oilseed Mandi', 'Yellow Soybean', 4844.71, 4964.71, 4904.71, 145.6, 'quintal', 'agmarknet', '2025-05-01T06:30:00Z'),
  ('2025-05-02', 'Maize', 'Uttar Pradesh', 'Kanpur Nagar', 'Kanpur Grain Market', 'Yellow Maize', 2395.15, 2465.15, 2430.15, 402.3, 'quintal', 'agmarknet', '2025-05-02T06:30:00Z'),
  ('2025-05-02', 'Maize', 'Uttar Pradesh', 'Sultanpur', 'Sultanpur Krishi Mandi', 'Desi Maize', 2412.91, 2482.91, 2447.91, 490.4, 'quintal', 'agmarknet', '2025-05-02T06:30:00Z'),
  ('2025-05-02', 'Maize', 'Uttar Pradesh', 'Hamirpur', 'Hamirpur APMC', 'Yellow Maize', 2389.30, 2459.30, 2424.30, 532.9, 'quintal', 'agmarknet', '2025-05-02T06:30:00Z'),
  ('2025-05-02', 'Soybean', 'Uttar Pradesh', 'Lucknow', 'Lucknow Oilseed Mandi', 'Yellow Soybean', 4811.14, 4931.14, 4871.14, 173.9, 'quintal', 'agmarknet', '2025-05-02T06:30:00Z'),
  ('2025-05-03', 'Maize', 'Uttar Pradesh', 'Kanpur Nagar', 'Kanpur Grain Market', 'Yellow Maize', 2413.53, 2483.53, 2448.53, 484.3, 'quintal', 'agmarknet', '2025-05-03T06:30:00Z'),
  ('2025-05-03', 'Maize', 'Uttar Pradesh', 'Sultanpur', 'Sultanpur Krishi Mandi', 'Desi Maize', 2397.30, 2467.30, 2432.30, 278.6, 'quintal', 'agmarknet', '2025-05-03T06:30:00Z'),
  ('2025-05-03', 'Maize', 'Uttar Pradesh', 'Hamirpur', 'Hamirpur APMC', 'Yellow Maize', 2392.52, 2462.52, 2427.52, 461.5, 'quintal', 'agmarknet', '2025-05-03T06:30:00Z'),
  ('2025-05-03', 'Soybean', 'Uttar Pradesh', 'Lucknow', 'Lucknow Oilseed Mandi', 'Yellow Soybean', 4844.76, 4964.76, 4904.76, 88.7, 'quintal', 'agmarknet', '2025-05-03T06:30:00Z'),
  ('2025-05-05', 'Maize', 'Uttar Pradesh', 'Kanpur Nagar', 'Kanpur Grain Market', 'Yellow Maize', 2398.30, 2468.30, 2433.30, 182.4, 'quintal', 'agmarknet', '2025-05-05T06:30:00Z'),
  ('2025-05-05', 'Maize', 'Uttar Pradesh', 'Sultanpur', 'Sultanpur Krishi Mandi', 'Desi Maize', 2398.73, 2468.73, 2433.73, 374.0, 'quintal', 'agmarknet', '2025-05-05T06:30:00Z'),
  ('2025-05-05', 'Maize', 'Uttar Pradesh', 'Hamirpur', 'Hamirpur APMC', 'Yellow Maize', 2410.60, 2480.60, 2445.60, 431.7, 'quintal', 'agmarknet', '2025-05-05T06:30:00Z'),
  ('2025-05-05', 'Soybean', 'Uttar Pradesh', 'Lucknow', 'Lucknow Oilseed Mandi', 'Yellow Soybean', 4805.77, 4925.77, 4865.77, 177.5, 'quintal', 'agmarknet', '2025-05-05T06:30:00Z'),
  ('2025-05-06', 'Maize', 'Uttar Pradesh', 'Kanpur Nagar', 'Kanpur Grain Market', 'Yellow Maize', 2438.10, 2508.10, 2473.10, 445.9, 'quintal', 'agmarknet', '2025-05-06T06:30:00Z'),
  ('2025-05-06', 'Maize', 'Uttar Pradesh', 'Sultanpur', 'Sultanpur Krishi Mandi', 'Desi Maize', 2426.16, 2496.16, 2461.16, 489.9, 'quintal', 'agmarknet', '2025-05-06T06:30:00Z'),
  ('2025-05-06', 'Maize', 'Uttar Pradesh', 'Hamirpur', 'Hamirpur APMC', 'Yellow Maize', 2393.75, 2463.75, 2428.75, 334.5, 'quintal', 'agmarknet', '2025-05-06T06:30:00Z'),
  ('2025-05-06', 'Soybean', 'Uttar Pradesh', 'Lucknow', 'Lucknow Oilseed Mandi', 'Yellow Soybean', 4807.14, 4927.14, 4867.14, 169.4, 'quintal', 'agmarknet', '2025-05-06T06:30:00Z'),
  ('2025-05-07', 'Maize', 'Uttar Pradesh', 'Kanpur Nagar', 'Kanpur Grain Market', 'Yellow Maize', 2416.18, 2486.18, 2451.18, 192.6, 'quintal', 'agmarknet', '2025-05-07T06:30:00Z'),
  ('2025-05-07', 'Maize', 'Uttar Pradesh', 'Sultanpur', 'Sultanpur Krishi Mandi', 'Desi Maize', 2411.52, 2481.52, 2446.52, 460.7, 'quintal', 'agmarknet', '2025-05-07T06:30:00Z'),
  ('2025-05-07', 'Maize', 'Uttar Pradesh', 'Hamirpur', 'Hamirpur APMC', 'Yellow Maize', 2416.88, 2486.88, 2451.88, 198.6, 'quintal', 'agmarknet', '2025-05-07T06:30:00Z'),
  ('2025-05-07', 'Soybean', 'Uttar Pradesh', 'Lucknow', 'Lucknow Oilseed Mandi', 'Yellow Soybean', 4885.42, 5005.42, 4945.42, 67.9, 'quintal', 'agmarknet', '2025-05-07T06:30:00Z'),
  ('2025-05-08', 'Maize', 'Uttar Pradesh', 'Kanpur Nagar', 'Kanpur Grain Market', 'Yellow Maize', 2431.72, 2501.72, 2466.72, 539.6, 'quintal', 'agmarknet', '2025-05-08T06:30:00Z'),
  ('2025-05-08', 'Maize', 'Uttar Pradesh', 'Sultanpur', 'Sultanpur Krishi Mandi', 'Desi Maize', 2427.11, 2497.11, 2462.11, 528.3, 'quintal', 'agmarknet', '2025-05-08T06:30:00Z'),
  ('2025-05-08', 'Maize', 'Uttar Pradesh', 'Hamirpur', 'Hamirpur APMC', 'Yellow Maize', 2416.11, 2486.11, 2451.11, 237.7, 'quintal', 'agmarknet', '2025-05-08T06:30:00Z'),
  ('2025-05-08', 'Soybean', 'Uttar Pradesh', 'Lucknow', 'Lucknow Oilseed Mandi', 'Yellow Soybean', 4844.71, 4964.71, 4904.71, 163.3, 'quintal', 'agmarknet', '2025-05-08T06:30:00Z'),
  ('2025-05-09', 'Maize', 'Uttar Pradesh', 'Kanpur Nagar', 'Kanpur Grain Market', 'Yellow Maize', 2428.27, 2498.27, 2463.27, 303.7, 'quintal', 'agmarknet', '2025-05-09T06:30:00Z'),
  ('2025-05-09', 'Maize', 'Uttar Pradesh', 'Sultanpur', 'Sultanpur Krishi Mandi', 'Desi Maize', 2437.20, 2507.20, 2472.20, 164.0, 'quintal', 'agmarknet', '2025-05-09T06:30:00Z'),
  ('2025-05-09', 'Maize', 'Uttar Pradesh', 'Hamirpur', 'Hamirpur APMC', 'Yellow Maize', 2414.63, 2484.63, 2449.63, 165.8, 'quintal', 'agmarknet', '2025-05-09T06:30:00Z'),
  ('2025-05-09', 'Soybean', 'Uttar Pradesh', 'Lucknow', 'Lucknow Oilseed Mandi', 'Yellow Soybean', 4835.52, 4955.52, 4895.52, 198.5, 'quintal', 'agmarknet', '2025-05-09T06:30:00Z'),
  ('2025-05-10', 'Maize', 'Uttar Pradesh', 'Kanpur Nagar', 'Kanpur Grain Market', 'Yellow Maize', 2396.01, 2466.01, 2431.01, 544.3, 'quintal', 'agmarknet', '2025-05-10T06:30:00Z'),
  ('2025-05-10', 'Maize', 'Uttar Pradesh', 'Sultanpur', 'Sultanpur Krishi Mandi', 'Desi Maize', 2435.38, 2505.38, 2470.38, 425.3, 'quintal', 'agmarknet', '2025-05-10T06:30:00Z'),
  ('2025-05-10', 'Maize', 'Uttar Pradesh', 'Hamirpur', 'Hamirpur APMC', 'Yellow Maize', 2392.92, 2462.92, 2427.92, 338.6, 'quintal', 'agmarknet', '2025-05-10T06:30:00Z'),
  ('2025-05-10', 'Soybean', 'Uttar Pradesh', 'Lucknow', 'Lucknow Oilseed Mandi', 'Yellow Soybean', 4866.68, 4986.68, 4926.68, 73.3, 'quintal', 'agmarknet', '2025-05-10T06:30:00Z'),
  ('2025-05-12', 'Maize', 'Uttar Pradesh', 'Kanpur Nagar', 'Kanpur Grain Market', 'Yellow Maize', 2405.59, 2475.59, 2440.59, 186.7, 'quintal', 'agmarknet', '2025-05-12T06:30:00Z'),
  ('2025-05-12', 'Maize', 'Uttar Pradesh', 'Sultanpur', 'Sultanpur Krishi Mandi', 'Desi Maize', 2432.86, 2502.86, 2467.86, 516.1, 'quintal', 'agmarknet', '2025-05-12T06:30:00Z'),
  ('2025-05-12', 'Maize', 'Uttar Pradesh', 'Hamirpur', 'Hamirpur APMC', 'Yellow Maize', 2436.86, 2506.86, 2471.86, 450.3, 'quintal', 'agmarknet', '2025-05-12T06:30:00Z'),
  ('2025-05-12', 'Soybean', 'Uttar Pradesh', 'Lucknow', 'Lucknow Oilseed Mandi', 'Yellow Soybean', 4858.40, 4978.40, 4918.40, 68.7, 'quintal', 'agmarknet', '2025-05-12T06:30:00Z'),
  ('2025-05-13', 'Maize', 'Uttar Pradesh', 'Kanpur Nagar', 'Kanpur Grain Market', 'Yellow Maize', 2415.03, 2485.03, 2450.03, 454.3, 'quintal', 'agmarknet', '2025-05-13T06:30:00Z'),
  ('2025-05-13', 'Maize', 'Uttar Pradesh', 'Sultanpur', 'Sultanpur Krishi Mandi', 'Desi Maize', 2428.76, 2498.76, 2463.76, 160.7, 'quintal', 'agmarknet', '2025-05-13T06:30:00Z'),
  ('2025-05-13', 'Maize', 'Uttar Pradesh', 'Hamirpur', 'Hamirpur APMC', 'Yellow Maize', 2391.37, 2461.37, 2426.37, 185.3, 'quintal', 'agmarknet', '2025-05-13T06:30:00Z'),
  ('2025-05-13', 'Soybean', 'Uttar Pradesh', 'Lucknow', 'Lucknow Oilseed Mandi', 'Yellow Soybean', 4890.89, 5010.89, 4950.89, 75.9, 'quintal', 'agmarknet', '2025-05-13T06:30:00Z'),
  ('2025-05-14', 'Maize', 'Uttar Pradesh', 'Kanpur Nagar', 'Kanpur Grain Market', 'Yellow Maize', 2410.75, 2480.75, 2445.75, 340.4, 'quintal', 'agmarknet', '2025-05-14T06:30:00Z'),
  ('2025-05-14', 'Maize', 'Uttar Pradesh', 'Sultanpur', 'Sultanpur Krishi Mandi', 'Desi Maize', 2435.43, 2505.43, 2470.43, 204.2, 'quintal', 'agmarknet', '2025-05-14T06:30:00Z'),
  ('2025-05-14', 'Maize', 'Uttar Pradesh', 'Hamirpur', 'Hamirpur APMC', 'Yellow Maize', 2404.32, 2474.32, 2439.32, 458.8, 'quintal', 'agmarknet', '2025-05-14T06:30:00Z'),
  ('2025-05-14', 'Soybean', 'Uttar Pradesh', 'Lucknow', 'Lucknow Oilseed Mandi', 'Yellow Soybean', 4816.54, 4936.54, 4876.54, 83.0, 'quintal', 'agmarknet', '2025-05-14T06:30:00Z'),
  ('2025-05-15', 'Maize', 'Uttar Pradesh', 'Kanpur Nagar', 'Kanpur Grain Market', 'Yellow Maize', 2392.77, 2462.77, 2427.77, 533.3, 'quintal', 'agmarknet', '2025-05-15T06:30:00Z'),
  ('2025-05-15', 'Maize', 'Uttar Pradesh', 'Sultanpur', 'Sultanpur Krishi Mandi', 'Desi Maize', 2403.19, 2473.19, 2438.19, 350.6, 'quintal', 'agmarknet', '2025-05-15T06:30:00Z'),
  ('2025-05-15', 'Maize', 'Uttar Pradesh', 'Hamirpur', 'Hamirpur APMC', 'Yellow Maize', 2410.48, 2480.48, 2445.48, 542.6, 'quintal', 'agmarknet', '2025-05-15T06:30:00Z'),
  ('2025-05-15', 'Soybean', 'Uttar Pradesh', 'Lucknow', 'Lucknow Oilseed Mandi', 'Yellow Soybean', 4873.98, 4993.98, 4933.98, 144.2, 'quintal', 'agmarknet', '2025-05-15T06:30:00Z'),
  ('2025-05-16', 'Maize', 'Uttar Pradesh', 'Kanpur Nagar', 'Kanpur Grain Market', 'Yellow Maize', 2416.28, 2486.28, 2451.28, 257.1, 'quintal', 'agmarknet', '2025-05-16T06:30:00Z'),
  ('2025-05-16', 'Maize', 'Uttar Pradesh', 'Sultanpur', 'Sultanpur Krishi Mandi', 'Desi Maize', 2433.76, 2503.76, 2468.76, 191.2, 'quintal', 'agmarknet', '2025-05-16T06:30:00Z'),
  ('2025-05-16', 'Maize', 'Uttar Pradesh', 'Hamirpur', 'Hamirpur APMC', 'Yellow Maize', 2422.89, 2492.89, 2457.89, 268.0, 'quintal', 'agmarknet', '2025-05-16T06:30:00Z'),
  ('2025-05-16', 'Soybean', 'Uttar Pradesh', 'Lucknow', 'Lucknow Oilseed Mandi', 'Yellow Soybean', 4835.86, 4955.86, 4895.86, 123.5, 'quintal', 'agmarknet', '2025-05-16T06:30:00Z'),
  ('2025-05-17', 'Maize', 'Uttar Pradesh', 'Kanpur Nagar', 'Kanpur Grain Market', 'Yellow Maize', 2401.54, 2471.54, 2436.54, 386.7, 'quintal', 'agmarknet', '2025-05-17T06:30:00Z'),
  ('2025-05-17', 'Maize', 'Uttar Pradesh', 'Sultanpur', 'Sultanpur Krishi Mandi', 'Desi Maize', 2395.62, 2465.62, 2430.62, 157.5, 'quintal', 'agmarknet', '2025-05-17T06:30:00Z'),
  ('2025-05-17', 'Maize', 'Uttar Pradesh', 'Hamirpur', 'Hamirpur APMC', 'Yellow Maize', 2399.15, 2469.15, 2434.15, 186.0, 'quintal', 'agmarknet', '2025-05-17T06:30:00Z'),
  ('2025-05-17', 'Soybean', 'Uttar Pradesh', 'Lucknow', 'Lucknow Oilseed Mandi', 'Yellow Soybean', 4891.14, 5011.14, 4951.14, 131.5, 'quintal', 'agmarknet', '2025-05-17T06:30:00Z'),
  ('2025-05-19', 'Maize', 'Uttar Pradesh', 'Kanpur Nagar', 'Kanpur Grain Market', 'Yellow Maize', 2426.58, 2496.58, 2461.58, 461.6, 'quintal', 'agmarknet', '2025-05-19T06:30:00Z'),
  ('2025-05-19', 'Maize', 'Uttar Pradesh', 'Sultanpur', 'Sultanpur Krishi Mandi', 'Desi Maize', 2400.91, 2470.91, 2435.91, 530.5, 'quintal', 'agmarknet', '2025-05-19T06:30:00Z'),
  ('2025-05-19', 'Maize', 'Uttar Pradesh', 'Hamirpur', 'Hamirpur APMC', 'Yellow Maize', 2411.86, 2481.86, 2446.86, 334.1, 'quintal', 'agmarknet', '2025-05-19T06:30:00Z'),
  ('2025-05-19', 'Soybean', 'Uttar Pradesh', 'Lucknow', 'Lucknow Oilseed Mandi', 'Yellow Soybean', 4858.25, 4978.25, 4918.25, 157.3, 'quintal', 'agmarknet', '2025-05-19T06:30:00Z'),
  ('2025-05-20', 'Maize', 'Uttar Pradesh', 'Kanpur Nagar', 'Kanpur Grain Market', 'Yellow Maize', 2431.34, 2501.34, 2466.34, 227.6, 'quintal', 'agmarknet', '2025-05-20T06:30:00Z'),
  ('2025-05-20', 'Maize', 'Uttar Pradesh', 'Sultanpur', 'Sultanpur Krishi Mandi', 'Desi Maize', 2434.34, 2504.34, 2469.34, 321.2, 'quintal', 'agmarknet', '2025-05-20T06:30:00Z'),
  ('2025-05-20', 'Maize', 'Uttar Pradesh', 'Hamirpur', 'Hamirpur APMC', 'Yellow Maize', 2405.47, 2475.47, 2440.47, 495.7, 'quintal', 'agmarknet', '2025-05-20T06:30:00Z'),
  ('2025-05-20', 'Soybean', 'Uttar Pradesh', 'Lucknow', 'Lucknow Oilseed Mandi', 'Yellow Soybean', 4893.88, 5013.88, 4953.88, 180.1, 'quintal', 'agmarknet', '2025-05-20T06:30:00Z'),
  ('2025-05-21', 'Maize', 'Uttar Pradesh', 'Kanpur Nagar', 'Kanpur Grain Market', 'Yellow Maize', 2409.37, 2479.37, 2444.37, 515.6, 'quintal', 'agmarknet', '2025-05-21T06:30:00Z'),
  ('2025-05-21', 'Maize', 'Uttar Pradesh', 'Sultanpur', 'Sultanpur Krishi Mandi', 'Desi Maize', 2431.99, 2501.99, 2466.99, 538.1, 'quintal', 'agmarknet', '2025-05-21T06:30:00Z'),
  ('2025-05-21', 'Maize', 'Uttar Pradesh', 'Hamirpur', 'Hamirpur APMC', 'Yellow Maize', 2430.94, 2500.94, 2465.94, 549.9, 'quintal', 'agmarknet', '2025-05-21T06:30:00Z'),
  ('2025-05-21', 'Soybean', 'Uttar Pradesh', 'Lucknow', 'Lucknow Oilseed Mandi', 'Yellow Soybean', 4859.53, 4979.53, 4919.53, 164.9, 'quintal', 'agmarknet', '2025-05-21T06:30:00Z'),
  ('2025-05-22', 'Maize', 'Uttar Pradesh', 'Kanpur Nagar', 'Kanpur Grain Market', 'Yellow Maize', 2432.54, 2502.54, 2467.54, 359.8, 'quintal', 'agmarknet', '2025-05-22T06:30:00Z'),
  ('2025-05-22', 'Maize', 'Uttar Pradesh', 'Sultanpur', 'Sultanpur Krishi Mandi', 'Desi Maize', 2418.70, 2488.70, 2453.70, 310.2, 'quintal', 'agmarknet', '2025-05-22T06:30:00Z'),
  ('2025-05-22', 'Maize', 'Uttar Pradesh', 'Hamirpur', 'Hamirpur APMC', 'Yellow Maize', 2436.91, 2506.91, 2471.91, 301.4, 'quintal', 'agmarknet', '2025-05-22T06:30:00Z'),
  ('2025-05-22', 'Soybean', 'Uttar Pradesh', 'Lucknow', 'Lucknow Oilseed Mandi', 'Yellow Soybean', 4884.79, 5004.79, 4944.79, 138.7, 'quintal', 'agmarknet', '2025-05-22T06:30:00Z'),
  ('2025-05-23', 'Maize', 'Uttar Pradesh', 'Kanpur Nagar', 'Kanpur Grain Market', 'Yellow Maize', 2429.11, 2499.11, 2464.11, 273.7, 'quintal', 'agmarknet', '2025-05-23T06:30:00Z'),
  ('2025-05-23', 'Maize', 'Uttar Pradesh', 'Sultanpur', 'Sultanpur Krishi Mandi', 'Desi Maize', 2397.70, 2467.70, 2432.70, 420.1, 'quintal', 'agmarknet', '2025-05-23T06:30:00Z'),
  ('2025-05-23', 'Maize', 'Uttar Pradesh', 'Hamirpur', 'Hamirpur APMC', 'Yellow Maize', 2401.01, 2471.01, 2436.01, 293.8, 'quintal', 'agmarknet', '2025-05-23T06:30:00Z'),
  ('2025-05-23', 'Soybean', 'Uttar Pradesh', 'Lucknow', 'Lucknow Oilseed Mandi', 'Yellow Soybean', 4889.04, 5009.04, 4949.04, 66.9, 'quintal', 'agmarknet', '2025-05-23T06:30:00Z'),
  ('2025-05-24', 'Maize', 'Uttar Pradesh', 'Kanpur Nagar', 'Kanpur Grain Market', 'Yellow Maize', 2439.59, 2509.59, 2474.59, 385.5, 'quintal', 'agmarknet', '2025-05-24T06:30:00Z'),
  ('2025-05-24', 'Maize', 'Uttar Pradesh', 'Sultanpur', 'Sultanpur Krishi Mandi', 'Desi Maize', 2422.09, 2492.09, 2457.09, 420.8, 'quintal', 'agmarknet', '2025-05-24T06:30:00Z'),
  ('2025-05-24', 'Maize', 'Uttar Pradesh', 'Hamirpur', 'Hamirpur APMC', 'Yellow Maize', 2396.89, 2466.89, 2431.89, 158.8, 'quintal', 'agmarknet', '2025-05-24T06:30:00Z'),
  ('2025-05-24', 'Soybean', 'Uttar Pradesh', 'Lucknow', 'Lucknow Oilseed Mandi', 'Yellow Soybean', 4884.65, 5004.65, 4944.65, 142.1, 'quintal', 'agmarknet', '2025-05-24T06:30:00Z'),
  ('2025-05-26', 'Maize', 'Uttar Pradesh', 'Kanpur Nagar', 'Kanpur Grain Market', 'Yellow Maize', 2426.57, 2496.57, 2461.57, 479.3, 'quintal', 'agmarknet', '2025-05-26T06:30:00Z'),
  ('2025-05-26', 'Maize', 'Uttar Pradesh', 'Sultanpur', 'Sultanpur Krishi Mandi', 'Desi Maize', 2408.15, 2478.15, 2443.15, 214.4, 'quintal', 'agmarknet', '2025-05-26T06:30:00Z'),
  ('2025-05-26', 'Maize', 'Uttar Pradesh', 'Hamirpur', 'Hamirpur APMC', 'Yellow Maize', 2443.05, 2513.05, 2478.05, 174.2, 'quintal', 'agmarknet', '2025-05-26T06:30:00Z'),
  ('2025-05-26', 'Soybean', 'Uttar Pradesh', 'Lucknow', 'Lucknow Oilseed Mandi', 'Yellow Soybean', 4868.41, 4988.41, 4928.41, 147.4, 'quintal', 'agmarknet', '2025-05-26T06:30:00Z')
ON CONFLICT (date, commodity, state, market) DO UPDATE SET
  modal_price = EXCLUDED.modal_price,
  arrivals_tonnes = EXCLUDED.arrivals_tonnes;

-- ── 4. HPAI DAILY FLAGS ─────────────────────────────────────────
-- May 2025: Clean period — no HPAI within 200km of Gorakhpur
-- Bihar ND alert (312km) on May 10-12: active_alert_count=1,
-- but beyond the 200km radius so both HPAI flags remain 0
INSERT INTO hpai_daily_flags
  (date, hpai_district_flag, hpai_adjacent_flag,
   active_alert_count, nearest_alert_km, nearest_state, computed_at) VALUES
  ('2025-05-01', 0, 0, 0, NULL, NULL, '2025-05-01T05:30:00Z'),
  ('2025-05-02', 0, 0, 0, NULL, NULL, '2025-05-02T05:30:00Z'),
  ('2025-05-03', 0, 0, 0, NULL, NULL, '2025-05-03T05:30:00Z'),
  ('2025-05-04', 0, 0, 0, NULL, NULL, '2025-05-04T05:30:00Z'),
  ('2025-05-05', 0, 0, 0, NULL, NULL, '2025-05-05T05:30:00Z'),
  ('2025-05-06', 0, 0, 0, NULL, NULL, '2025-05-06T05:30:00Z'),
  ('2025-05-07', 0, 0, 0, NULL, NULL, '2025-05-07T05:30:00Z'),
  ('2025-05-08', 0, 0, 0, NULL, NULL, '2025-05-08T05:30:00Z'),
  ('2025-05-09', 0, 0, 0, NULL, NULL, '2025-05-09T05:30:00Z'),
  ('2025-05-10', 0, 0, 1, 312.40, 'Bihar', '2025-05-10T05:30:00Z'),
  ('2025-05-11', 0, 0, 1, 312.40, 'Bihar', '2025-05-11T05:30:00Z'),
  ('2025-05-12', 0, 0, 1, 312.40, 'Bihar', '2025-05-12T05:30:00Z'),
  ('2025-05-13', 0, 0, 0, NULL, NULL, '2025-05-13T05:30:00Z'),
  ('2025-05-14', 0, 0, 0, NULL, NULL, '2025-05-14T05:30:00Z'),
  ('2025-05-15', 0, 0, 0, NULL, NULL, '2025-05-15T05:30:00Z'),
  ('2025-05-16', 0, 0, 0, NULL, NULL, '2025-05-16T05:30:00Z'),
  ('2025-05-17', 0, 0, 0, NULL, NULL, '2025-05-17T05:30:00Z'),
  ('2025-05-18', 0, 0, 0, NULL, NULL, '2025-05-18T05:30:00Z'),
  ('2025-05-19', 0, 0, 0, NULL, NULL, '2025-05-19T05:30:00Z'),
  ('2025-05-20', 0, 0, 0, NULL, NULL, '2025-05-20T05:30:00Z'),
  ('2025-05-21', 0, 0, 0, NULL, NULL, '2025-05-21T05:30:00Z'),
  ('2025-05-22', 0, 0, 0, NULL, NULL, '2025-05-22T05:30:00Z'),
  ('2025-05-23', 0, 0, 0, NULL, NULL, '2025-05-23T05:30:00Z'),
  ('2025-05-24', 0, 0, 0, NULL, NULL, '2025-05-24T05:30:00Z'),
  ('2025-05-25', 0, 0, 0, NULL, NULL, '2025-05-25T05:30:00Z'),
  ('2025-05-26', 0, 0, 0, NULL, NULL, '2025-05-26T05:30:00Z')
ON CONFLICT (date) DO UPDATE SET
  hpai_district_flag = EXCLUDED.hpai_district_flag,
  hpai_adjacent_flag = EXCLUDED.hpai_adjacent_flag,
  active_alert_count = EXCLUDED.active_alert_count,
  nearest_alert_km = EXCLUDED.nearest_alert_km,
  nearest_state = EXCLUDED.nearest_state;

-- ── 5. DISEASE ALERTS ────────────────────────────────────────────
-- Source: DAHDF Weekly Disease Bulletin Week 19 (May 5-11, 2025)
-- Newcastle Disease in Bihar — 312km from Gorakhpur, not HPAI
INSERT INTO disease_alerts
  (id, date, source, title, description, state, district,
   disease_type, distance_from_gorakhpur_km, proximity_label,
   hpai_district_flag, hpai_adjacent_flag, source_url, scraped_at) VALUES
  ('DA-2025-05-10-BHR-001', '2025-05-10', 'DAHDF Bulletin Week-19-2025',
   'Newcastle Disease Outbreak - Muzaffarpur, Bihar',
   'ND outbreak in commercial broiler units. 3 farms affected. Quarantine imposed by Bihar AH dept. Control measures in progress.',
   'Bihar', 'Muzaffarpur', 'Newcastle Disease',
   312.40, '>200km', 0, 0,
   'https://dahd.gov.in/disease-surveillance/weekly-bulletin-2025-w19',
   '2025-05-12T09:00:00Z'),
  ('DA-2025-05-11-BHR-001', '2025-05-11', 'DAHDF Bulletin Week-19-2025',
   'ND Outbreak Update - Muzaffarpur (Contained)',
   'Muzaffarpur ND situation stable. Quarantine being lifted. No spread to Gorakhpur division districts confirmed.',
   'Bihar', 'Muzaffarpur', 'Newcastle Disease',
   312.40, '>200km', 0, 0,
   'https://dahd.gov.in/disease-surveillance/weekly-bulletin-2025-w19',
   '2025-05-12T09:00:00Z')
ON CONFLICT (id) DO NOTHING;

-- ── 6. MOBILE APP DATA (OCR) ────────────────────────────────────
-- Venkys UP Rate Card + IB Group daily WhatsApp rate broadcast
-- Sampled every 3 days (not every day available via OCR)
INSERT INTO mobile_app_data
  (date, app_name, price_per_kg, disease_alert, disease_details,
   raw_text, screenshot_count, source, scraped_at) VALUES
  ('2025-05-01', 'Venkys UP Rate Card', 126.5, false, NULL, 'Gorakhpur Zone Ex-Farm Rs 126/kg Live Bird WF', 1, 'mobile_app_ocr', '2025-05-01T07:15:00Z'),
  ('2025-05-01', 'IB Group Daily Rate', 128.0, false, NULL, 'IB Group Gorakhpur 01 May 2025 Broiler Rate Rs 128 per kg farm delivery', 1, 'mobile_app_ocr', '2025-05-01T07:30:00Z'),
  ('2025-05-04', 'Venkys UP Rate Card', 128.5, false, NULL, 'Gorakhpur Zone Ex-Farm Rs 128/kg Live Bird WF', 1, 'mobile_app_ocr', '2025-05-04T07:15:00Z'),
  ('2025-05-04', 'IB Group Daily Rate', 130.0, false, NULL, 'IB Group Gorakhpur 04 May 2025 Broiler Rate Rs 130 per kg farm delivery', 1, 'mobile_app_ocr', '2025-05-04T07:30:00Z'),
  ('2025-05-07', 'Venkys UP Rate Card', 130.0, false, NULL, 'Gorakhpur Zone Ex-Farm Rs 130/kg Live Bird WF', 1, 'mobile_app_ocr', '2025-05-07T07:15:00Z'),
  ('2025-05-07', 'IB Group Daily Rate', 131.5, false, NULL, 'IB Group Gorakhpur 07 May 2025 Broiler Rate Rs 132 per kg farm delivery', 1, 'mobile_app_ocr', '2025-05-07T07:30:00Z'),
  ('2025-05-10', 'Venkys UP Rate Card', 132.5, false, NULL, 'Gorakhpur Zone Ex-Farm Rs 132/kg Live Bird WF', 1, 'mobile_app_ocr', '2025-05-10T07:15:00Z'),
  ('2025-05-10', 'IB Group Daily Rate', 134.0, false, NULL, 'IB Group Gorakhpur 10 May 2025 Broiler Rate Rs 134 per kg farm delivery', 1, 'mobile_app_ocr', '2025-05-10T07:30:00Z'),
  ('2025-05-13', 'Venkys UP Rate Card', 135.5, false, NULL, 'Gorakhpur Zone Ex-Farm Rs 136/kg Live Bird WF', 1, 'mobile_app_ocr', '2025-05-13T07:15:00Z'),
  ('2025-05-13', 'IB Group Daily Rate', 137.0, false, NULL, 'IB Group Gorakhpur 13 May 2025 Broiler Rate Rs 137 per kg farm delivery', 1, 'mobile_app_ocr', '2025-05-13T07:30:00Z'),
  ('2025-05-16', 'Venkys UP Rate Card', 132.5, false, NULL, 'Gorakhpur Zone Ex-Farm Rs 132/kg Live Bird WF', 1, 'mobile_app_ocr', '2025-05-16T07:15:00Z'),
  ('2025-05-16', 'IB Group Daily Rate', 134.0, false, NULL, 'IB Group Gorakhpur 16 May 2025 Broiler Rate Rs 134 per kg farm delivery', 1, 'mobile_app_ocr', '2025-05-16T07:30:00Z'),
  ('2025-05-19', 'Venkys UP Rate Card', 136.5, false, NULL, 'Gorakhpur Zone Ex-Farm Rs 136/kg Live Bird WF', 1, 'mobile_app_ocr', '2025-05-19T07:15:00Z'),
  ('2025-05-19', 'IB Group Daily Rate', 138.0, false, NULL, 'IB Group Gorakhpur 19 May 2025 Broiler Rate Rs 138 per kg farm delivery', 1, 'mobile_app_ocr', '2025-05-19T07:30:00Z'),
  ('2025-05-22', 'Venkys UP Rate Card', 135.5, false, NULL, 'Gorakhpur Zone Ex-Farm Rs 136/kg Live Bird WF', 1, 'mobile_app_ocr', '2025-05-22T07:15:00Z'),
  ('2025-05-22', 'IB Group Daily Rate', 137.0, false, NULL, 'IB Group Gorakhpur 22 May 2025 Broiler Rate Rs 137 per kg farm delivery', 1, 'mobile_app_ocr', '2025-05-22T07:30:00Z'),
  ('2025-05-25', 'Venkys UP Rate Card', 136.5, false, NULL, 'Gorakhpur Zone Ex-Farm Rs 136/kg Live Bird WF', 1, 'mobile_app_ocr', '2025-05-25T07:15:00Z'),
  ('2025-05-25', 'IB Group Daily Rate', 138.0, false, NULL, 'IB Group Gorakhpur 25 May 2025 Broiler Rate Rs 138 per kg farm delivery', 1, 'mobile_app_ocr', '2025-05-25T07:30:00Z');

-- ── 7. PREDICTIONS (Ensemble Next-Day Forecast) ─────────────────
-- p50 = ensemble point forecast | p10/p90 = conformal bounds (q_hat=15.5)
-- Generated at 18:00 IST daily for next-day Gorakhpur price
INSERT INTO predictions
  (forecast_date, mandi_name, p10, p50, p90, q_hat, model_version, created_at) VALUES
  ('2025-05-02', 'Gorakhpur', 112.78, 128.28, 143.78, 15.5, 'ensemble_v1.0_20260525', '2025-05-01T18:00:00Z'),
  ('2025-05-03', 'Gorakhpur', 113.53, 129.03, 144.53, 15.5, 'ensemble_v1.0_20260525', '2025-05-02T18:00:00Z'),
  ('2025-05-04', 'Gorakhpur', 114.77, 130.27, 145.77, 15.5, 'ensemble_v1.0_20260525', '2025-05-03T18:00:00Z'),
  ('2025-05-05', 'Gorakhpur', 113.61, 129.11, 144.61, 15.5, 'ensemble_v1.0_20260525', '2025-05-04T18:00:00Z'),
  ('2025-05-06', 'Gorakhpur', 116.11, 131.61, 147.11, 15.5, 'ensemble_v1.0_20260525', '2025-05-05T18:00:00Z'),
  ('2025-05-07', 'Gorakhpur', 116.56, 132.06, 147.56, 15.5, 'ensemble_v1.0_20260525', '2025-05-06T18:00:00Z'),
  ('2025-05-08', 'Gorakhpur', 115.14, 130.64, 146.14, 15.5, 'ensemble_v1.0_20260525', '2025-05-07T18:00:00Z'),
  ('2025-05-09', 'Gorakhpur', 115.25, 130.75, 146.25, 15.5, 'ensemble_v1.0_20260525', '2025-05-08T18:00:00Z'),
  ('2025-05-10', 'Gorakhpur', 118.11, 133.61, 149.11, 15.5, 'ensemble_v1.0_20260525', '2025-05-09T18:00:00Z'),
  ('2025-05-11', 'Gorakhpur', 118.97, 134.47, 149.97, 15.5, 'ensemble_v1.0_20260525', '2025-05-10T18:00:00Z'),
  ('2025-05-12', 'Gorakhpur', 119.51, 135.01, 150.51, 15.5, 'ensemble_v1.0_20260525', '2025-05-11T18:00:00Z'),
  ('2025-05-13', 'Gorakhpur', 122.36, 137.86, 153.36, 15.5, 'ensemble_v1.0_20260525', '2025-05-12T18:00:00Z'),
  ('2025-05-14', 'Gorakhpur', 119.61, 135.11, 150.61, 15.5, 'ensemble_v1.0_20260525', '2025-05-13T18:00:00Z'),
  ('2025-05-15', 'Gorakhpur', 118.28, 133.78, 149.28, 15.5, 'ensemble_v1.0_20260525', '2025-05-14T18:00:00Z'),
  ('2025-05-16', 'Gorakhpur', 119.27, 134.77, 150.27, 15.5, 'ensemble_v1.0_20260525', '2025-05-15T18:00:00Z'),
  ('2025-05-17', 'Gorakhpur', 119.04, 134.54, 150.04, 15.5, 'ensemble_v1.0_20260525', '2025-05-16T18:00:00Z'),
  ('2025-05-18', 'Gorakhpur', 119.71, 135.21, 150.71, 15.5, 'ensemble_v1.0_20260525', '2025-05-17T18:00:00Z'),
  ('2025-05-19', 'Gorakhpur', 120.74, 136.24, 151.74, 15.5, 'ensemble_v1.0_20260525', '2025-05-18T18:00:00Z'),
  ('2025-05-20', 'Gorakhpur', 122.48, 137.98, 153.48, 15.5, 'ensemble_v1.0_20260525', '2025-05-19T18:00:00Z'),
  ('2025-05-21', 'Gorakhpur', 119.71, 135.21, 150.71, 15.5, 'ensemble_v1.0_20260525', '2025-05-20T18:00:00Z'),
  ('2025-05-22', 'Gorakhpur', 120.93, 136.43, 151.93, 15.5, 'ensemble_v1.0_20260525', '2025-05-21T18:00:00Z'),
  ('2025-05-23', 'Gorakhpur', 120.44, 135.94, 151.44, 15.5, 'ensemble_v1.0_20260525', '2025-05-22T18:00:00Z'),
  ('2025-05-24', 'Gorakhpur', 120.2, 135.7, 151.2, 15.5, 'ensemble_v1.0_20260525', '2025-05-23T18:00:00Z'),
  ('2025-05-25', 'Gorakhpur', 122.89, 138.39, 153.89, 15.5, 'ensemble_v1.0_20260525', '2025-05-24T18:00:00Z'),
  ('2025-05-26', 'Gorakhpur', 124.21, 139.71, 155.21, 15.5, 'ensemble_v1.0_20260525', '2025-05-25T18:00:00Z')
ON CONFLICT (forecast_date, mandi_name) DO UPDATE SET
  p50 = EXCLUDED.p50, p10 = EXCLUDED.p10, p90 = EXCLUDED.p90;

COMMIT;

-- ── Post-Insert Verification Queries ─────────────────────────────────
-- Run these in Supabase SQL Editor to confirm data quality:

-- 1. Row counts
-- SELECT 'raw_prices' as tbl, COUNT(*) FROM raw_prices WHERE date BETWEEN '2025-05-01' AND '2025-05-26'
-- UNION ALL SELECT 'commodity_national_modal', COUNT(*) FROM commodity_national_modal WHERE date BETWEEN '2025-03-17' AND '2025-06-29'
-- UNION ALL SELECT 'commodity_prices', COUNT(*) FROM commodity_prices WHERE date BETWEEN '2025-05-01' AND '2025-05-26'
-- UNION ALL SELECT 'hpai_daily_flags', COUNT(*) FROM hpai_daily_flags WHERE date BETWEEN '2025-05-01' AND '2025-05-26'
-- UNION ALL SELECT 'predictions', COUNT(*) FROM predictions WHERE forecast_date BETWEEN '2025-05-02' AND '2025-05-26';

-- 2. Price range validation (must be 80-250 per TRD §3.3)
-- SELECT mandi_name, MIN(broiler_price_per_kg), MAX(broiler_price_per_kg), ROUND(AVG(broiler_price_per_kg),2) as avg_price
-- FROM raw_prices WHERE date BETWEEN '2025-05-01' AND '2025-05-26'
-- GROUP BY mandi_name ORDER BY avg_price DESC;

-- 3. Feed cost ratio view test (top-1 ML feature)
-- SELECT * FROM feed_cost_ratio_lag42 WHERE date BETWEEN '2025-05-01' AND '2025-05-10' LIMIT 10;
-- NOTE: Lag-42 links May 1 prices to March 20 maize price — both are in this dataset.

-- 4. HPAI window test
-- SELECT * FROM hpai_14day_window WHERE date BETWEEN '2025-05-08' AND '2025-05-15';

-- 5. Expected averages (sanity check):
-- Gorakhpur avg: ~Rs 132-133/kg | Maharajganj avg: ~Rs 128-129/kg
-- Maize avg May 2025: ~Rs 2,445-2,460/quintal
-- Soybean avg May 2025: ~Rs 4,890-4,940/quintal
